report_date,total_redeem_amt
2013-07-01,5525022
2013-07-02,2554548
2013-07-03,5953867
2013-07-04,6410729
2013-07-05,2763587
2013-07-06,1616635
2013-07-07,3982735
2013-07-08,8347729
2013-07-09,3473059
2013-07-10,2597169
2013-07-11,3508800
2013-07-12,8492573
2013-07-13,3482829
2013-07-14,2784107
2013-07-15,13107943
2013-07-16,11864981
2013-07-17,10911513
2013-07-18,11765356
2013-07-19,9244769
2013-07-20,4601143
2013-07-21,2681331
2013-07-22,19144267
2013-07-23,24404051
2013-07-24,36258592
2013-07-25,38212836
2013-07-26,39192369
2013-07-27,15058893
2013-07-28,7683211
2013-07-29,18599364
2013-07-30,13048582
2013-07-31,9534040
2013-08-01,18864468
2013-08-02,40150769
2013-08-03,20701797
2013-08-04,8263965
2013-08-05,15797507
2013-08-06,16401387
2013-08-07,29708706
2013-08-08,29551691
2013-08-09,30131015
2013-08-10,26614408
2013-08-11,15372680
2013-08-12,28586669
2013-08-13,28790328
2013-08-14,15031683
2013-08-15,52659327
2013-08-16,33739844
2013-08-17,4674983
2013-08-18,15218300
2013-08-19,28339260
2013-08-20,30131225
2013-08-21,29983342
2013-08-22,25000672
2013-08-23,25680323
2013-08-24,14316598
2013-08-25,18117808
2013-08-26,20637986
2013-08-27,60137633
2013-08-28,33696861
2013-08-29,35944968
2013-08-30,20630752
2013-08-31,22012016
2013-09-01,59339949
2013-09-02,17785524
2013-09-03,39328144
2013-09-04,27452600
2013-09-05,21800904
2013-09-06,33417903
2013-09-07,20344424
2013-09-08,14919122
2013-09-09,45621186
2013-09-10,37128363
2013-09-11,71674082
2013-09-12,45147220
2013-09-13,60512675
2013-09-14,36312660
2013-09-15,25020715
2013-09-16,45184589
2013-09-17,58260798
2013-09-18,47203221
2013-09-19,11418512
2013-09-20,15188254
2013-09-21,26596179
2013-09-22,47962055
2013-09-23,58285879
2013-09-24,56680792
2013-09-25,74838162
2013-09-26,48467529
2013-09-27,27639603
2013-09-28,58105720
2013-09-29,40295202
2013-09-30,30181353
2013-10-01,12813267
2013-10-02,7233874
2013-10-03,6223263
2013-10-04,23412350
2013-10-05,13966453
2013-10-06,13464528
2013-10-07,28894400
2013-10-08,77856096
2013-10-09,33999376
2013-10-10,52244531
2013-10-11,27666473
2013-10-12,31322983
2013-10-13,31850475
2013-10-14,40652625
2013-10-15,35099198
2013-10-16,51261982
2013-10-17,23274764
2013-10-18,15938355
2013-10-19,26684697
2013-10-20,50884342
2013-10-21,45781403
2013-10-22,96172537
2013-10-23,73788462
2013-10-24,58183921
2013-10-25,52225802
2013-10-26,49357211
2013-10-27,46520570
2013-10-28,55089464
2013-10-29,43052468
2013-10-30,63908701
2013-10-31,55607833
2013-11-01,66933119
2013-11-02,26705506
2013-11-03,30895754
2013-11-04,130970051
2013-11-05,82689864
2013-11-06,131707820
2013-11-07,83306452
2013-11-08,92856307
2013-11-09,45885771
2013-11-10,85293644
2013-11-11,227124951
2013-11-12,131263524
2013-11-13,79121440
2013-11-14,52554150
2013-11-15,58210254
2013-11-16,28996272
2013-11-17,42358155
2013-11-18,136916782
2013-11-19,70308235
2013-11-20,86951218
2013-11-21,74733962
2013-11-22,82717921
2013-11-23,48882131
2013-11-24,85555947
2013-11-25,70113127
2013-11-26,65802983
2013-11-27,86129498
2013-11-28,61453591
2013-11-29,123982166
2013-11-30,119660311
2013-12-01,94632233
2013-12-02,128465086
2013-12-03,101662045
2013-12-04,69981329
2013-12-05,118256819
2013-12-06,82625571
2013-12-07,71916047
2013-12-08,76314292
2013-12-09,133355299
2013-12-10,147147341
2013-12-11,110314592
2013-12-12,92090275
2013-12-13,90778214
2013-12-14,52234651
2013-12-15,54757146
2013-12-16,156157326
2013-12-17,116537843
2013-12-18,202220872
2013-12-19,164023344
2013-12-20,153678963
2013-12-21,83151594
2013-12-22,83998249
2013-12-23,138478245
2013-12-24,118607911
2013-12-25,172755480
2013-12-26,241852564
2013-12-27,163522548
2013-12-28,61383220
2013-12-29,55129989
2013-12-30,179826624
2013-12-31,134232530
2014-01-01,77367755
2014-01-02,190155450
2014-01-03,127714255
2014-01-04,99869074
2014-01-05,156781996
2014-01-06,190917629
2014-01-07,137972793
2014-01-08,213880074
2014-01-09,140391237
2014-01-10,117259153
2014-01-11,71530182
2014-01-12,141505812
2014-01-13,178923772
2014-01-14,159778389
2014-01-15,177618247
2014-01-16,153167426
2014-01-17,127385210
2014-01-18,142869842
2014-01-19,117629351
2014-01-20,442996084
2014-01-21,302825136
2014-01-22,292856188
2014-01-23,209024328
2014-01-24,345829001
2014-01-25,185524856
2014-01-26,331752519
2014-01-27,280645861
2014-01-28,248334316
2014-01-29,215164666
2014-01-30,105288105
2014-01-31,48132389
2014-02-01,61527060
2014-02-02,24395720
2014-02-03,46109194
2014-02-04,44927333
2014-02-05,95407704
2014-02-06,111635336
2014-02-07,273482213
2014-02-08,183432237
2014-02-09,262954049
2014-02-10,431753411
2014-02-11,243058162
2014-02-12,354585919
2014-02-13,362757986
2014-02-14,263261899
2014-02-15,121463693
2014-02-16,183057224
2014-02-17,405809267
2014-02-18,271125324
2014-02-19,323990451
2014-02-20,230855410
2014-02-21,178914448
2014-02-22,134735118
2014-02-23,195214052
2014-02-24,473470156
2014-02-25,299155352
2014-02-26,284819682
2014-02-27,492786036
2014-02-28,322030204
2014-03-01,211279011
2014-03-02,246199417
2014-03-03,513017360
2014-03-04,250562978
2014-03-05,209072753
2014-03-06,243149884
2014-03-07,291087220
2014-03-08,140323202
2014-03-09,206312503
2014-03-10,308040624
2014-03-11,496039886
2014-03-12,416491268
2014-03-13,316973542
2014-03-14,311575572
2014-03-15,242799048
2014-03-16,390584547
2014-03-17,440624592
2014-03-18,410240726
2014-03-19,429298917
2014-03-20,336076380
2014-03-21,259655286
2014-03-22,138039412
2014-03-23,186443311
2014-03-24,437825259
2014-03-25,312710515
2014-03-26,450254233
2014-03-27,359071642
2014-03-28,405443946
2014-03-29,155006056
2014-03-30,264714811
2014-03-31,423852634
2014-04-01,277429358
2014-04-02,272612066
2014-04-03,266605457
2014-04-04,200192637
2014-04-05,163199682
2014-04-06,139576683
2014-04-07,176966561
2014-04-08,250015131
2014-04-09,289330278
2014-04-10,286914864
2014-04-11,277077434
2014-04-12,123295320
2014-04-13,178934722
2014-04-14,415986984
2014-04-15,285293076
2014-04-16,255914640
2014-04-17,265341592
2014-04-18,225952909
2014-04-19,146374940
2014-04-20,161057781
2014-04-21,295635256
2014-04-22,268810141
2014-04-23,278470936
2014-04-24,224536754
2014-04-25,227764292
2014-04-26,158122962
2014-04-27,191915377
2014-04-28,327724735
2014-04-29,307578349
2014-04-30,281835975
2014-05-01,143362755
2014-05-02,121222064
2014-05-03,199568043
2014-05-04,413222034
2014-05-05,309330781
2014-05-06,341108696
2014-05-07,239372999
2014-05-08,273187499
2014-05-09,247743971
2014-05-10,147248328
2014-05-11,152945581
2014-05-12,293952908
2014-05-13,257918375
2014-05-14,316225442
2014-05-15,238307643
2014-05-16,282094916
2014-05-17,145854372
2014-05-18,153440019
2014-05-19,293791406
2014-05-20,260040720
2014-05-21,250223726
2014-05-22,251108485
2014-05-23,229000787
2014-05-24,154409868
2014-05-25,231004758
2014-05-26,274707572
2014-05-27,321965845
2014-05-28,415891684
2014-05-29,313827800
2014-05-30,312802179
2014-05-31,142862063
2014-06-01,149829253
2014-06-02,170409506
2014-06-03,385622582
2014-06-04,303978838
2014-06-05,355645445
2014-06-06,274862067
2014-06-07,146203577
2014-06-08,169525332
2014-06-09,287520152
2014-06-10,298190025
2014-06-11,246127540
2014-06-12,236467885
2014-06-13,386799040
2014-06-14,229916191
2014-06-15,116623756
2014-06-16,492349489
2014-06-17,502560223
2014-06-18,421920230
2014-06-19,284956260
2014-06-20,286583065
2014-06-21,231003775
2014-06-22,361285652
2014-06-23,373779624
2014-06-24,428471509
2014-06-25,547295931
2014-06-26,418742109
2014-06-27,399444352
2014-06-28,283400236
2014-06-29,261170799
2014-06-30,456547794
2014-07-01,374164541
2014-07-02,328950951
2014-07-03,289009780
2014-07-04,264494550
2014-07-05,272535138
2014-07-06,195530758
2014-07-07,317612569
2014-07-08,340453063
2014-07-09,269642881
2014-07-10,326009240
2014-07-11,240050748
2014-07-12,149081488
2014-07-13,199459990
2014-07-14,284753279
2014-07-15,261722182
2014-07-16,234775948
2014-07-17,298279385
2014-07-18,208671287
2014-07-19,155464283
2014-07-20,174462836
2014-07-21,434191479
2014-07-22,369043423
2014-07-23,308353077
2014-07-24,347622431
2014-07-25,262874791
2014-07-26,282653341
2014-07-27,166610652
2014-07-28,345986909
2014-07-29,303480103
2014-07-30,250117716
2014-07-31,277194379
2014-08-01,252540858
2014-08-02,172250225
2014-08-03,127125217
2014-08-04,322907524
2014-08-05,221706539
2014-08-06,282346594
2014-08-07,253659514
2014-08-08,311648757
2014-08-09,163611708
2014-08-10,189909225
2014-08-11,418603336
2014-08-12,309754858
2014-08-13,303975517
2014-08-14,211939431
2014-08-15,236516007
2014-08-16,219214339
2014-08-17,139564084
2014-08-18,259169016
2014-08-19,254929877
2014-08-20,202452782
2014-08-21,219963356
2014-08-22,179349206
2014-08-23,199377531
2014-08-24,191080151
2014-08-25,312413411
2014-08-26,285478563
2014-08-27,468164147
2014-08-28,297893861
2014-08-29,273756380
2014-08-30,196374134
2014-08-31,292943033
